<?xml version="1.0" encoding="UTF-8"?><gmd:MD_Metadata xsi:schemaLocation="http://www.isotc211.org/2005/gmd http://schemas.opengis.net/iso/19139/20060504/gmd/gmd.xsd" xmlns:gmd="http://www.isotc211.org/2005/gmd" xmlns:gco="http://www.isotc211.org/2005/gco" xmlns:xsi="http://www.w3.org/2001/XMLSchema-instance" xmlns:gml="http://www.opengis.net/gml" xmlns:xlink="http://www.w3.org/1999/xlink">
<gmd:fileIdentifier>
<gco:CharacterString>JRC.PD.GRID.2011.EL/EL_CRS3035RES1000mN1910E5127</gco:CharacterString>
<CharacterString xmlns="http://www.isotc211.org/2005/gco">8DA1BD5F-1B27-4E5D-A7FE-33A40CC9FD90</CharacterString>
</gmd:fileIdentifier>
<gmd:language>
<gmd:LanguageCode codeList="http://standards.iso.org/ittf/PubliclyAvailableStandards/ISO_19139_Schemas/resources/Codelist/ML_gmxCodelists.xml#LanguageCode" codeListValue="eng">eng</gmd:LanguageCode>
</gmd:language>
<gmd:characterSet>
<gmd:MD_CharacterSetCode codeSpace="ISOTC211/19115" codeListValue="MD_CharacterSetCode_utf8" codeList="http://www.isotc211.org/2005/resources/Codelist/gmxCodelists.xml#MD_CharacterSetCode">MD_CharacterSetCode_utf8</gmd:MD_CharacterSetCode>
</gmd:characterSet>
<gmd:hierarchyLevel>
<gmd:MD_ScopeCode codeList="http://standards.iso.org/ittf/PubliclyAvailableStandards/ISO_19139_Schemas/resources/Codelist/ML_gmxCodelists.xml#MD_ScopeCode" codeListValue="dataset">dataset</gmd:MD_ScopeCode>
</gmd:hierarchyLevel>
<gmd:contact>
<gmd:CI_ResponsibleParty>
<gmd:organisationName>
<gco:CharacterString>European Forum for Geography and Statistics EFGS</gco:CharacterString>
</gmd:organisationName>
<gmd:contactInfo>
<gmd:CI_Contact>
<gmd:address>
<gmd:CI_Address>
<gmd:electronicMailAddress>
<gco:CharacterString>ESTAT-GISCO@ec.europa.eu</gco:CharacterString>
</gmd:electronicMailAddress>
</gmd:CI_Address>
</gmd:address>
</gmd:CI_Contact>
</gmd:contactInfo>
<gmd:role>
<gmd:CI_RoleCode codeList="http://www.isotc211.org/2005/resources/Codelist/gmxCodelists.xml#CI_RoleCode" codeListValue="pointOfContact">pointOfContact</gmd:CI_RoleCode>
</gmd:role>
</gmd:CI_ResponsibleParty>
</gmd:contact>
<gmd:dateStamp>
<gco:Date>2019-05-29</gco:Date>
</gmd:dateStamp>
<gmd:metadataStandardName>
<gco:CharacterString>INSPIRE Metadata Commission Regulation (EC) No 1205/2008</gco:CharacterString>
</gmd:metadataStandardName>
<gmd:metadataStandardVersion>
<gco:CharacterString>03.12.2008</gco:CharacterString>
</gmd:metadataStandardVersion>
<gmd:locale>
<gmd:PT_Locale id="eng" xmlns:gmd="http://www.isotc211.org/2005/gmd">
<gmd:characterEncoding xmlns:gmd="http://www.isotc211.org/2005/gmd">
<gmd:MD_CharacterSetCode codeList="http://www.isotc211.org/2005/resources/Codelist/gmxCodelists.xml#MD_CharacterSetCode" codeListValue="utf8" xmlns:gmd="http://www.isotc211.org/2005/gmd">UTF-8</gmd:MD_CharacterSetCode>
</gmd:characterEncoding>
</gmd:PT_Locale>
</gmd:locale>
<gmd:identificationInfo>
<gmd:MD_DataIdentification>
<gmd:citation>
<gmd:CI_Citation>
<gmd:title>
<gco:CharacterString>Population density grid, 2011, Population Distribution - GEOSTAT.EL</gco:CharacterString>
</gmd:title>
<gmd:date>
<gmd:CI_Date>
<gmd:date>
<gco:Date>2019-07-29</gco:Date>
</gmd:date>
<gmd:dateType>
<gmd:CI_DateTypeCode codeList="http://standards.iso.org/ittf/PubliclyAvailableStandards/ISO_19139_Schemas/resources/Codelist/ML_gmxCodelists.xml#CI_DateTypeCode" codeListValue="publication">publication</gmd:CI_DateTypeCode>
</gmd:dateType>
</gmd:CI_Date>
</gmd:date>
<gmd:date>
<gmd:CI_Date>
<gmd:date>
<gco:Date>2019-09-29</gco:Date>
</gmd:date>
<gmd:dateType>
<gmd:CI_DateTypeCode codeList="http://standards.iso.org/ittf/PubliclyAvailableStandards/ISO_19139_Schemas/resources/Codelist/ML_gmxCodelists.xml#CI_DateTypeCode" codeListValue="revision">revision</gmd:CI_DateTypeCode>
</gmd:dateType>
</gmd:CI_Date>
</gmd:date>
<gmd:date>
<gmd:CI_Date>
<gmd:date>
<gco:Date>2019-05-29</gco:Date>
</gmd:date>
<gmd:dateType>
<gmd:CI_DateTypeCode codeList="http://standards.iso.org/ittf/PubliclyAvailableStandards/ISO_19139_Schemas/resources/Codelist/ML_gmxCodelists.xml#CI_DateTypeCode" codeListValue="creation">creation</gmd:CI_DateTypeCode>
</gmd:dateType>
</gmd:CI_Date>
</gmd:date>
<gmd:identifier>
<gmd:RS_Identifier>
<gmd:code>
<gco:CharacterString>GEOSTAT 2011.EL</gco:CharacterString>
</gmd:code>
<gmd:codeSpace>
<gco:CharacterString>www.efgs.info</gco:CharacterString>
</gmd:codeSpace>
</gmd:RS_Identifier>
<gmd:MD_Identifier xmlns:gmd="http://www.isotc211.org/2005/gmd">
<gmd:code xmlns:gmd="http://www.isotc211.org/2005/gmd">
<gco:CharacterString xmlns:gco="http://www.isotc211.org/2005/gco">GEOSTAT_grid_POP_1K_2011_EL</gco:CharacterString>
</gmd:code>
</gmd:MD_Identifier>
</gmd:identifier>
</gmd:CI_Citation>
</gmd:citation>
<gmd:abstract>
<gco:CharacterString>This dataset contains the count of persons at their usual place of residence per km² for the reference year 2011 on the date of the Census, geocoded to the INSPIRE Grid_ETRS89-LAEA_1K. The data set should be referred to as GEOSTAT_grid_POP_1K_2011_EL. The dataset contains population grid data from Greece (EL). The actual data are contained in the file GEOSTAT_grid_POP_1K_2011_V2_0_1.csv. Only inhabited grid cells are present in the data. Data are either aggregated residential population for the year 2011 or hybrid data (mix of aggregation or disaggregation) depending on the grid cell. Details on the production method per country can be found in the file: GEOSTAT_grid_POP_1K_2011_EL. The dataset is a product of the GEOSTAT project and supported by the European Commission and the European Forum for Geography and Statistics EFGS www.efgs.info. The GEOSTAT_grid_POP_1K_2011_EL has the following attributes: GRD_ID (according to INSPIRE); METHD_CL per grid cell (A = aggregated, D= disaggregated, M= mixed); CNTR_CODE (according to ISO 3166  alpha-2); DATA_SRC (according to ISO 3166  alpha-2, TOT_P = total residential population, TOT_P_CON_DT = confidentiality data treatment method per grid cell (0 if cell not treated OR a number indicating the threshold if actual number of persons was equal or lower, OR &apos;other&apos; if other method was used see GEOSTAT_grid_POP_1K_2011_EL for details per country); YEAR= reference year for population statistics. The primary key of the data is composed of GRD_ID and CNTR_CODE. Border cells with the same GRD_ID may appear several times but will have different CNTR_CODE. In these cases all TOT_P will have to be summed up to obtain the total population of that grid cell.</gco:CharacterString>
</gmd:abstract>
<gmd:pointOfContact>
<gmd:CI_ResponsibleParty>
<gmd:organisationName>
<gco:CharacterString>European Forum for Geography and Statistics (EFGS)</gco:CharacterString>
</gmd:organisationName>
<gmd:contactInfo>
<gmd:CI_Contact>
<gmd:address>
<gmd:CI_Address>
<gmd:electronicMailAddress>
<gco:CharacterString>ESTAT-GISCO@ec.europa.eu</gco:CharacterString>
</gmd:electronicMailAddress>
</gmd:CI_Address>
</gmd:address>
</gmd:CI_Contact>
</gmd:contactInfo>
<gmd:role>
<gmd:CI_RoleCode codeList="http://www.isotc211.org/2005/resources/Codelist/gmxCodelists.xml#CI_RoleCode" codeListValue="publisher">publisher</gmd:CI_RoleCode>
</gmd:role>
</gmd:CI_ResponsibleParty>
</gmd:pointOfContact>
<gmd:descriptiveKeywords>
<gmd:MD_Keywords>
<gmd:keyword>
<gco:CharacterString>Population distribution — demography</gco:CharacterString>
</gmd:keyword>
<gmd:thesaurusName>
<gmd:CI_Citation>
<gmd:title>
<gco:CharacterString>GEMET - INSPIRE themes, version 1.0</gco:CharacterString>
</gmd:title>
<gmd:date>
<gmd:CI_Date>
<gmd:date>
<gco:Date>2008-06-01</gco:Date>
</gmd:date>
<gmd:dateType>
<gmd:CI_DateTypeCode codeList="http://standards.iso.org/ittf/PubliclyAvailableStandards/ISO_19139_Schemas/resources/Codelist/ML_gmxCodelists.xml#CI_DateTypeCode" codeListValue="publication">publication</gmd:CI_DateTypeCode>
</gmd:dateType>
</gmd:CI_Date>
</gmd:date>
</gmd:CI_Citation>
</gmd:thesaurusName>
</gmd:MD_Keywords>
</gmd:descriptiveKeywords>
<gmd:descriptiveKeywords>
<gmd:MD_Keywords>
<gmd:keyword>
<gco:CharacterString>society</gco:CharacterString>
</gmd:keyword>
<gmd:thesaurusName>
<gmd:CI_Citation>
<gmd:title>
<gco:CharacterString>GEMET - Concepts, version 2.4</gco:CharacterString>
</gmd:title>
<gmd:date>
<gmd:CI_Date>
<gmd:date>
<gco:Date>2010-01-13</gco:Date>
</gmd:date>
<gmd:dateType>
<gmd:CI_DateTypeCode codeList="http://standards.iso.org/ittf/PubliclyAvailableStandards/ISO_19139_Schemas/resources/Codelist/ML_gmxCodelists.xml#CI_DateTypeCode" codeListValue="publication">publication</gmd:CI_DateTypeCode>
</gmd:dateType>
</gmd:CI_Date>
</gmd:date>
</gmd:CI_Citation>
</gmd:thesaurusName>
</gmd:MD_Keywords>
</gmd:descriptiveKeywords>
<gmd:resourceConstraints>
<gmd:MD_Constraints>
<gmd:useLimitation>
<gco:CharacterString>Non commercial use only. Detailed conditions can be found in the file GEOSTAT_grid_POP_1K_2011_EL_Usage-and-License-Conditions.txt;</gco:CharacterString>
</gmd:useLimitation>
</gmd:MD_Constraints>
</gmd:resourceConstraints>
<gmd:resourceConstraints>
<gmd:MD_LegalConstraints>
<gmd:accessConstraints>
<gmd:MD_RestrictionCode codeList="http://standards.iso.org/ittf/PubliclyAvailableStandards/ISO_19139_Schemas/resources/Codelist/ML_gmxCodelists.xml#MD_RestrictionCode" codeListValue="otherRestrictions">otherRestrictions</gmd:MD_RestrictionCode>
</gmd:accessConstraints>
<gmd:otherConstraints>
<gco:CharacterString>no limitation</gco:CharacterString>
</gmd:otherConstraints>
</gmd:MD_LegalConstraints>
</gmd:resourceConstraints>
<gmd:spatialResolution>
<gmd:MD_Resolution>
<gmd:distance>
<gco:Distance uom="meter">1000</gco:Distance>
</gmd:distance>
</gmd:MD_Resolution>
</gmd:spatialResolution>
<gmd:language>
<gmd:LanguageCode codeList="http://www.loc.gov/standards/iso639-2/" codeListValue="eng">eng</gmd:LanguageCode>
</gmd:language>
<gmd:topicCategory>
<gmd:MD_TopicCategoryCode>society</gmd:MD_TopicCategoryCode>
</gmd:topicCategory>
<gmd:extent>
<gmd:EX_Extent>
<gmd:geographicElement>
<gmd:EX_GeographicBoundingBox>
<gmd:westBoundLongitude>
<gco:Decimal>18.81</gco:Decimal>
</gmd:westBoundLongitude>
<gmd:eastBoundLongitude>
<gco:Decimal>31.05</gco:Decimal>
</gmd:eastBoundLongitude>
<gmd:southBoundLatitude>
<gco:Decimal>35.47</gco:Decimal>
</gmd:southBoundLatitude>
<gmd:northBoundLatitude>
<gco:Decimal>40.81</gco:Decimal>
</gmd:northBoundLatitude>
</gmd:EX_GeographicBoundingBox>
</gmd:geographicElement>
<gmd:temporalElement>
<gmd:EX_TemporalExtent>
<gmd:extent>
<gml:TimePeriod gml:id="Temporal" xsi:type="gml:TimePeriodType">
<gml:beginPosition>2011-01-01</gml:beginPosition>
<gml:endPosition>2011-12-31</gml:endPosition>
<gml:begin xmlns:gml="http://www.opengis.net/gml">
<gml:TimeInstant gml:id="TemporalBegin" xmlns:gml="http://www.opengis.net/gml">
<gml:timePosition xmlns:gml="http://www.opengis.net/gml">2011-01-01</gml:timePosition>
</gml:TimeInstant>
</gml:begin>
<gml:end xmlns:gml="http://www.opengis.net/gml">
<gml:TimeInstant gml:id="TemporalEnd" xmlns:gml="http://www.opengis.net/gml">
<gml:timePosition xmlns:gml="http://www.opengis.net/gml">2011-12-31</gml:timePosition>
</gml:TimeInstant>
</gml:end>
</gml:TimePeriod>
</gmd:extent>
</gmd:EX_TemporalExtent>
</gmd:temporalElement>
</gmd:EX_Extent>
</gmd:extent>
</gmd:MD_DataIdentification>
</gmd:identificationInfo>
<gmd:distributionInfo>
<gmd:MD_Distribution>
<gmd:distributionFormat>
<gmd:MD_Format>
<gmd:name>
<gco:CharacterString>unknown</gco:CharacterString>
</gmd:name>
<gmd:version>
<gco:CharacterString>unknown</gco:CharacterString>
</gmd:version>
</gmd:MD_Format>
</gmd:distributionFormat>
<gmd:transferOptions>
<gmd:MD_DigitalTransferOptions>
<gmd:onLine>
<gmd:CI_OnlineResource>
<gmd:linkage>
<gmd:URL>www.efgs.info</gmd:URL>
</gmd:linkage>
<gmd:function>
<gmd:CI_OnLineFunctionCode codeList="http://www.isotc211.org/2005/resources/Codelist/gmxCodelists.xml#CI_OnLineFunctionCode" codeListValue="information">information</gmd:CI_OnLineFunctionCode>
</gmd:function>
</gmd:CI_OnlineResource>
</gmd:onLine>
</gmd:MD_DigitalTransferOptions>
</gmd:transferOptions>
<gmd:transferOptions xmlns:gmd="http://www.isotc211.org/2005/gmd">
<gmd:MD_DigitalTransferOptions xmlns:gmd="http://www.isotc211.org/2005/gmd">
<gmd:onLine xmlns:gmd="http://www.isotc211.org/2005/gmd">
<gmd:CI_OnlineResource xmlns:gmd="http://www.isotc211.org/2005/gmd">
<gmd:linkage xmlns:gmd="http://www.isotc211.org/2005/gmd">
<gmd:URL xmlns:gmd="http://www.isotc211.org/2005/gmd">https://ec.europa.eu/eurostat/web/gisco/geodata/reference-data/population-distribution-demography</gmd:URL>
</gmd:linkage>
<gmd:function xmlns:gmd="http://www.isotc211.org/2005/gmd">
<gmd:CI_OnLineFunctionCode codeList="http://www.isotc211.org/2005/resources/Codelist/gmxCodelists.xml#CI_OnLineFunctionCode" codeListValue="download" xmlns:gmd="http://www.isotc211.org/2005/gmd">download</gmd:CI_OnLineFunctionCode>
</gmd:function>
</gmd:CI_OnlineResource>
</gmd:onLine>
</gmd:MD_DigitalTransferOptions>
</gmd:transferOptions>
<gmd:transferOptions xmlns:gmd="http://www.isotc211.org/2005/gmd">
<gmd:MD_DigitalTransferOptions xmlns:gmd="http://www.isotc211.org/2005/gmd">
<gmd:onLine xmlns:gmd="http://www.isotc211.org/2005/gmd">
<gmd:CI_OnlineResource xmlns:gmd="http://www.isotc211.org/2005/gmd">
<gmd:linkage xmlns:gmd="http://www.isotc211.org/2005/gmd">
<gmd:URL xmlns:gmd="http://www.isotc211.org/2005/gmd">www.efgs.info</gmd:URL>
</gmd:linkage>
<gmd:function xmlns:gmd="http://www.isotc211.org/2005/gmd">
<gmd:CI_OnLineFunctionCode codeList="http://www.isotc211.org/2005/resources/Codelist/gmxCodelists.xml#CI_OnLineFunctionCode" codeListValue="order" xmlns:gmd="http://www.isotc211.org/2005/gmd">order</gmd:CI_OnLineFunctionCode>
</gmd:function>
</gmd:CI_OnlineResource>
</gmd:onLine>
</gmd:MD_DigitalTransferOptions>
</gmd:transferOptions>
</gmd:MD_Distribution>
</gmd:distributionInfo>
<gmd:dataQualityInfo>
<gmd:DQ_DataQuality>
<gmd:scope>
<gmd:DQ_Scope>
<gmd:level>
<gmd:MD_ScopeCode codeListValue="" codeList="http://www.isotc211.org/2005/resources/Codelist/gmxCodelists.xml#MD_ScopeCode">dataset</gmd:MD_ScopeCode>
</gmd:level>
</gmd:DQ_Scope>
</gmd:scope>
<gmd:report>
<gmd:DQ_DomainConsistency xsi:type="DQ_DomainConsistency_Type">
<gmd:result>
<gmd:DQ_ConformanceResult xsi:type="DQ_ConformanceResult_Type">
<gmd:specification>
<gmd:CI_Citation>
<gmd:title>
<gco:CharacterString>COMMISSION REGULATION (EC) No 1205/2008 of 3 December 2008 implementing Directive 2007/2/EC of the European Parliament and of the Council as regards metadata</gco:CharacterString>
</gmd:title>
<gmd:date>
<gmd:CI_Date>
<gmd:date>
<gco:Date>2008-12-04</gco:Date>
</gmd:date>
<gmd:dateType>
<gmd:CI_DateTypeCode codeList="http://standards.iso.org/ittf/PubliclyAvailableStandards/ISO_19139_Schemas/resources/Codelist/ML_gmxCodelists.xml#CI_DateTypeCode" codeListValue="publication">publication</gmd:CI_DateTypeCode>
</gmd:dateType>
</gmd:CI_Date>
</gmd:date>
</gmd:CI_Citation>
</gmd:specification>
<gmd:explanation>
<gco:CharacterString>See the referenced specification</gco:CharacterString>
</gmd:explanation>
<gmd:pass>
<gco:Boolean>true</gco:Boolean>
</gmd:pass>
</gmd:DQ_ConformanceResult>
</gmd:result>
<gmd:measureIdentification xmlns:gmd="http://www.isotc211.org/2005/gmd">
<gmd:RS_Identifier xmlns:gmd="http://www.isotc211.org/2005/gmd">
<gmd:code xmlns:gmd="http://www.isotc211.org/2005/gmd">
<gco:CharacterString xmlns:gco="http://www.isotc211.org/2005/gco">Conformity_001</gco:CharacterString>
</gmd:code>
<gmd:codeSpace xmlns:gmd="http://www.isotc211.org/2005/gmd">
<gco:CharacterString xmlns:gco="http://www.isotc211.org/2005/gco">INSPIRE</gco:CharacterString>
</gmd:codeSpace>
</gmd:RS_Identifier>
</gmd:measureIdentification>
</gmd:DQ_DomainConsistency>
</gmd:report>
<gmd:lineage>
<gmd:LI_Lineage>
<gmd:statement>
<gco:CharacterString>Total population at the place of usual residence, three production methods:1) aggregation from address and building points as recorded on the data of the national census between 01.01.2011 and 31.12.2011; 2) hybrid method as a mix of aggregation or disaggregation techniques, based on national data sources was employed, depending on the grid cell. 3) pure disaggregation carried out by the NSI. More information on the actual production method per country and even grid cell can be found in the file GEOSTAT_grid_POP_1K_2011_EL. Grid cells may have been confidentiality protected this is indicated in the attribute TOT_P_CON_DT and might lead to differences between grid cell sums and official statistics from NSIs. The details are explained per country in each file GEOSTAT_grid_POP_1K_2011_EL. All national data show the real counts of inhabitants  per grid cell. Exceptions due to confidentiality data treatment are explained in the file GEOSTAT_grid_POP_1K_2011_QA.</gco:CharacterString>
</gmd:statement>
</gmd:LI_Lineage>
</gmd:lineage>
</gmd:DQ_DataQuality>
</gmd:dataQualityInfo>
</gmd:MD_Metadata>
