TOT_P,GRD_ID,CNTR_CODE,METHD_CL,YEAR,DATA_SRC,TOT_P_CON_DT
782,1kmN2660E4282,LI,A,2011,LI,other
122,1kmN2660E4283,LI,A,2011,LI,other
1181,1kmN2661E4282,LI,A,2011,LI,other
1843,1kmN2661E4283,LI,A,2011,LI,other
499,1kmN2662E4283,LI,A,2011,LI,other
95,1kmN2663E4284,LI,A,2011,LI,other
3,1kmN2664E4285,LI,A,2011,LI,other
1045,1kmN2665E4284,LI,A,2011,LI,other
827,1kmN2665E4285,LI,A,2011,LI,other
897,1kmN2666E4284,LI,A,2011,LI,other
837,1kmN2666E4285,LI,A,2011,LI,other
923,1kmN2666E4286,LI,A,2011,LI,other
88,1kmN2666E4287,LI,A,2011,LI,other
629,1kmN2667E4284,LI,A,2011,LI,other
670,1kmN2667E4285,LI,A,2011,LI,other
938,1kmN2667E4286,LI,A,2011,LI,other
30,1kmN2667E4287,LI,A,2011,LI,other
787,1kmN2668E4284,LI,A,2011,LI,other
338,1kmN2668E4285,LI,A,2011,LI,other
191,1kmN2668E4286,LI,A,2011,LI,other
1429,1kmN2669E4284,LI,A,2011,LI,other
583,1kmN2670E4283,LI,A,2011,LI,other
1382,1kmN2670E4284,LI,A,2011,LI,other
1069,1kmN2671E4283,LI,A,2011,LI,other
342,1kmN2671E4284,LI,A,2011,LI,other
1949,1kmN2672E4283,LI,A,2011,LI,other
1119,1kmN2672E4284,LI,A,2011,LI,other
711,1kmN2673E4283,LI,A,2011,LI,other
1156,1kmN2673E4284,LI,A,2011,LI,other
21,1kmN2674E4282,LI,A,2011,LI,other
359,1kmN2674E4286,LI,A,2011,LI,other
551,1kmN2675E4286,LI,A,2011,LI,other
121,1kmN2676E4284,LI,A,2011,LI,other
902,1kmN2676E4286,LI,A,2011,LI,other
427,1kmN2677E4283,LI,A,2011,LI,other
1540,1kmN2677E4284,LI,A,2011,LI,other
643,1kmN2677E4285,LI,A,2011,LI,other
222,1kmN2677E4286,LI,A,2011,LI,other
432,1kmN2677E4287,LI,A,2011,LI,other
73,1kmN2677E4288,LI,A,2011,LI,other
402,1kmN2678E4283,LI,A,2011,LI,other
754,1kmN2678E4284,LI,A,2011,LI,other
779,1kmN2678E4285,LI,A,2011,LI,other
1757,1kmN2678E4286,LI,A,2011,LI,other
200,1kmN2678E4287,LI,A,2011,LI,other
184,1kmN2678E4288,LI,A,2011,LI,other
50,1kmN2679E4283,LI,A,2011,LI,other
400,1kmN2679E4284,LI,A,2011,LI,other
185,1kmN2679E4285,LI,A,2011,LI,other
855,1kmN2679E4286,LI,A,2011,LI,other
158,1kmN2679E4287,LI,A,2011,LI,other
710,1kmN2680E4284,LI,A,2011,LI,other
711,1kmN2680E4285,LI,A,2011,LI,other
81,1kmN2680E4286,LI,A,2011,LI,other
179,1kmN2680E4287,LI,A,2011,LI,other
117,1kmN2681E4284,LI,A,2011,LI,other
433,1kmN2681E4285,LI,A,2011,LI,other
47,1kmN2660E4281,LI,A,2011,LI,other
12,1kmN2661E4281,LI,A,2011,LI,other
28,1kmN2661E4284,LI,A,2011,LI,other
6,1kmN2663E4283,LI,A,2011,LI,other
11,1kmN2663E4285,LI,A,2011,LI,other
38,1kmN2664E4284,LI,A,2011,LI,other
51,1kmN2665E4286,LI,A,2011,LI,other
38,1kmN2665E4291,LI,A,2011,LI,other
37,1kmN2666E4288,LI,A,2011,LI,other
5,1kmN2666E4289,LI,A,2011,LI,other
6,1kmN2667E4288,LI,A,2011,LI,other
17,1kmN2669E4286,LI,A,2011,LI,other
36,1kmN2672E4282,LI,A,2011,LI,other
39,1kmN2673E4282,LI,A,2011,LI,other
12,1kmN2674E4283,LI,A,2011,LI,other
4,1kmN2674E4285,LI,A,2011,LI,other
11,1kmN2675E4283,LI,A,2011,LI,other
7,1kmN2676E4283,LI,A,2011,LI,other
27,1kmN2681E4287,LI,A,2011,LI,other
6,1kmN2682E4285,LI,A,2011,LI,other
