<message:CrossSectionalData xmlns:message="http://www.SDMX.org/resources/SDMXML/schemas/v2_0/message" xmlns:common="http://www.SDMX.org/resources/SDMXML/schemas/v2_0/common" xmlns:ns1="urn:sdmx:org.sdmx.infomodel.datastructure.DataStructure=ESTAT:CENSUS_GRID_2021(2.0):cross" xmlns:xsi="http://www.w3.org/2001/XMLSchema-instance">
  <ns1:Dataset AREA_OF_DISSEMINATION="EU" FREQ="A" MEASURE="populationAtResidencePlace" MEASUREMENT_METHOD="count" UNIT_MEASURE="PS">
    <ns1:Group TIME_PERIOD="2021">
      <ns1:Section>
        <ns1:OBS_VALUE POPULATED="1" SPATIAL="CRS3035RES1000mN3498000E4446000" STAT="T" NOT_COUNTED_PROPORTION="0.0" GENERAL_STATUS="" OBS_STATUS="R" STATUS="" LAND_SURFACE="1.0" SPECIAL_VALUE="" APPROXIMATELY_LOCATED_POPULATION_PROPORTION="0.0" OBS_NOTE="" CONVENTIONALLY_LOCATED_PROPORTION="0.0" value="156"/>
        <ns1:OBS_VALUE POPULATED="1" SPATIAL="CRS3035RES1000mN3498000E4447000" STAT="T" NOT_COUNTED_PROPORTION="0.0" GENERAL_STATUS="" OBS_STATUS="R" STATUS="" LAND_SURFACE="1.0" SPECIAL_VALUE="" APPROXIMATELY_LOCATED_POPULATION_PROPORTION="0.0" OBS_NOTE="" CONVENTIONALLY_LOCATED_PROPORTION="0.0" value="4"/>
        <ns1:OBS_VALUE POPULATED="1" SPATIAL="CRS3035RES1000mN3498000E4448000" STAT="T" NOT_COUNTED_PROPORTION="0.0" GENERAL_STATUS="" OBS_STATUS="R" STATUS="" LAND_SURFACE="1.0" SPECIAL_VALUE="" APPROXIMATELY_LOCATED_POPULATION_PROPORTION="0.0" OBS_NOTE="" CONVENTIONALLY_LOCATED_PROPORTION="0.0" value="4"/>
        <ns1:OBS_VALUE POPULATED="1" SPATIAL="CRS3035RES1000mN3517000E4284000" STAT="T" NOT_COUNTED_PROPORTION="0.0" GENERAL_STATUS="" OBS_STATUS="R" STATUS="" LAND_SURFACE="1.0" SPECIAL_VALUE="" APPROXIMATELY_LOCATED_POPULATION_PROPORTION="0.0" OBS_NOTE="" CONVENTIONALLY_LOCATED_PROPORTION="0.0" value="21"/>
        <ns1:OBS_VALUE POPULATED="1" SPATIAL="CRS3035RES1000mN3517000E4287000" STAT="T" NOT_COUNTED_PROPORTION="0.0" GENERAL_STATUS="" OBS_STATUS="R" STATUS="" LAND_SURFACE="1.0" SPECIAL_VALUE="" APPROXIMATELY_LOCATED_POPULATION_PROPORTION="0.0" OBS_NOTE="" CONVENTIONALLY_LOCATED_PROPORTION="0.0" value="323"/>
        <ns1:OBS_VALUE POPULATED="1" SPATIAL="CRS3035RES1000mN3526000E4272000" STAT="T" NOT_COUNTED_PROPORTION="0.0" GENERAL_STATUS=" " OBS_STATUS="D" STATUS=" " LAND_SURFACE="1.0" SPECIAL_VALUE=" " APPROXIMATELY_LOCATED_POPULATION_PROPORTION="0.0" OBS_NOTE=" " CONVENTIONALLY_LOCATED_PROPORTION="0.0" value="753"/>
        <ns1:OBS_VALUE POPULATED="1" SPATIAL="CRS3035RES1000mN3526000E4281000" STAT="T" NOT_COUNTED_PROPORTION="0.0" GENERAL_STATUS=" " OBS_STATUS="D" STATUS=" " LAND_SURFACE="1.0" SPECIAL_VALUE=" " APPROXIMATELY_LOCATED_POPULATION_PROPORTION="0.0" OBS_NOTE=" " CONVENTIONALLY_LOCATED_PROPORTION="0.0" value="19"/>
        <ns1:OBS_VALUE POPULATED="1" SPATIAL="CRS3035RES1000mN3526000E4282000" STAT="T" NOT_COUNTED_PROPORTION="0.0" GENERAL_STATUS=" " OBS_STATUS="R" STATUS=" " LAND_SURFACE="1.0" SPECIAL_VALUE=" " APPROXIMATELY_LOCATED_POPULATION_PROPORTION="0.0" OBS_NOTE=" " CONVENTIONALLY_LOCATED_PROPORTION="0.0" value="108"/>
        <ns1:OBS_VALUE POPULATED="1" SPATIAL="CRS3035RES1000mN3526000E4283000" STAT="T" NOT_COUNTED_PROPORTION="0.0" GENERAL_STATUS=" " OBS_STATUS="R" STATUS=" " LAND_SURFACE="1.0" SPECIAL_VALUE=" " APPROXIMATELY_LOCATED_POPULATION_PROPORTION="0.0" OBS_NOTE=" " CONVENTIONALLY_LOCATED_PROPORTION="0.0" value="45"/>
        <ns1:OBS_VALUE POPULATED="1" SPATIAL="CRS3035RES1000mN3527000E4272000" STAT="T" NOT_COUNTED_PROPORTION="0.0" GENERAL_STATUS=" " OBS_STATUS="D" STATUS=" " LAND_SURFACE="1.0" SPECIAL_VALUE=" " APPROXIMATELY_LOCATED_POPULATION_PROPORTION="0.0" OBS_NOTE=" " CONVENTIONALLY_LOCATED_PROPORTION="0.0" value="27"/>
      </ns1:Section>
    </ns1:Group>
  </ns1:Dataset>
</message:CrossSectionalData>
